--
-- PostgreSQL database dump
--

-- Dumped from database version 12.9 (Ubuntu 12.9-2.pgdg20.04+1)
-- Dumped by pg_dump version 12.9 (Ubuntu 12.9-2.pgdg20.04+1)

SET statement_timeout = 0;
SET lock_timeout = 0;
SET idle_in_transaction_session_timeout = 0;
SET client_encoding = 'UTF8';
SET standard_conforming_strings = on;
SELECT pg_catalog.set_config('search_path', '', false);
SET check_function_bodies = false;
SET xmloption = content;
SET client_min_messages = warning;
SET row_security = off;

DROP DATABASE universe;
--
-- Name: universe; Type: DATABASE; Schema: -; Owner: freecodecamp
--

CREATE DATABASE universe WITH TEMPLATE = template0 ENCODING = 'UTF8' LC_COLLATE = 'C.UTF-8' LC_CTYPE = 'C.UTF-8';


ALTER DATABASE universe OWNER TO freecodecamp;

\connect universe

SET statement_timeout = 0;
SET lock_timeout = 0;
SET idle_in_transaction_session_timeout = 0;
SET client_encoding = 'UTF8';
SET standard_conforming_strings = on;
SELECT pg_catalog.set_config('search_path', '', false);
SET check_function_bodies = false;
SET xmloption = content;
SET client_min_messages = warning;
SET row_security = off;

SET default_tablespace = '';

SET default_table_access_method = heap;

--
-- Name: earth; Type: TABLE; Schema: public; Owner: freecodecamp
--

CREATE TABLE public.earth (
    earth_id integer NOT NULL,
    name character varying(30),
    earth_dis integer NOT NULL,
    life_exist boolean,
    earth_dia numeric(4,1)
);


ALTER TABLE public.earth OWNER TO freecodecamp;

--
-- Name: earth_earth_id_seq; Type: SEQUENCE; Schema: public; Owner: freecodecamp
--

CREATE SEQUENCE public.earth_earth_id_seq
    AS integer
    START WITH 1
    INCREMENT BY 1
    NO MINVALUE
    NO MAXVALUE
    CACHE 1;


ALTER TABLE public.earth_earth_id_seq OWNER TO freecodecamp;

--
-- Name: earth_earth_id_seq; Type: SEQUENCE OWNED BY; Schema: public; Owner: freecodecamp
--

ALTER SEQUENCE public.earth_earth_id_seq OWNED BY public.earth.earth_id;


--
-- Name: galaxy; Type: TABLE; Schema: public; Owner: freecodecamp
--

CREATE TABLE public.galaxy (
    galaxy_id integer NOT NULL,
    name character varying(30),
    galaxy_type character varying(250),
    galaxy_age integer NOT NULL,
    planet_exist boolean
);


ALTER TABLE public.galaxy OWNER TO freecodecamp;

--
-- Name: galaxy_galaxy_id_seq; Type: SEQUENCE; Schema: public; Owner: freecodecamp
--

CREATE SEQUENCE public.galaxy_galaxy_id_seq
    AS integer
    START WITH 1
    INCREMENT BY 1
    NO MINVALUE
    NO MAXVALUE
    CACHE 1;


ALTER TABLE public.galaxy_galaxy_id_seq OWNER TO freecodecamp;

--
-- Name: galaxy_galaxy_id_seq; Type: SEQUENCE OWNED BY; Schema: public; Owner: freecodecamp
--

ALTER SEQUENCE public.galaxy_galaxy_id_seq OWNED BY public.galaxy.galaxy_id;


--
-- Name: moon; Type: TABLE; Schema: public; Owner: freecodecamp
--

CREATE TABLE public.moon (
    moon_id integer NOT NULL,
    name character varying(30),
    moon_des text NOT NULL,
    life_exist boolean,
    planet_id integer
);


ALTER TABLE public.moon OWNER TO freecodecamp;

--
-- Name: moon_moon_id_seq; Type: SEQUENCE; Schema: public; Owner: freecodecamp
--

CREATE SEQUENCE public.moon_moon_id_seq
    AS integer
    START WITH 1
    INCREMENT BY 1
    NO MINVALUE
    NO MAXVALUE
    CACHE 1;


ALTER TABLE public.moon_moon_id_seq OWNER TO freecodecamp;

--
-- Name: moon_moon_id_seq; Type: SEQUENCE OWNED BY; Schema: public; Owner: freecodecamp
--

ALTER SEQUENCE public.moon_moon_id_seq OWNED BY public.moon.moon_id;


--
-- Name: planet; Type: TABLE; Schema: public; Owner: freecodecamp
--

CREATE TABLE public.planet (
    planet_id integer NOT NULL,
    name character varying(30),
    planet_life integer NOT NULL,
    life_exist boolean,
    star_id integer
);


ALTER TABLE public.planet OWNER TO freecodecamp;

--
-- Name: planet_planet_id_seq; Type: SEQUENCE; Schema: public; Owner: freecodecamp
--

CREATE SEQUENCE public.planet_planet_id_seq
    AS integer
    START WITH 1
    INCREMENT BY 1
    NO MINVALUE
    NO MAXVALUE
    CACHE 1;


ALTER TABLE public.planet_planet_id_seq OWNER TO freecodecamp;

--
-- Name: planet_planet_id_seq; Type: SEQUENCE OWNED BY; Schema: public; Owner: freecodecamp
--

ALTER SEQUENCE public.planet_planet_id_seq OWNED BY public.planet.planet_id;


--
-- Name: star; Type: TABLE; Schema: public; Owner: freecodecamp
--

CREATE TABLE public.star (
    star_id integer NOT NULL,
    name character varying(30),
    star_type character varying(250),
    star_age integer NOT NULL,
    star_alive boolean,
    galaxy_id integer
);


ALTER TABLE public.star OWNER TO freecodecamp;

--
-- Name: star_star_id_seq; Type: SEQUENCE; Schema: public; Owner: freecodecamp
--

CREATE SEQUENCE public.star_star_id_seq
    AS integer
    START WITH 1
    INCREMENT BY 1
    NO MINVALUE
    NO MAXVALUE
    CACHE 1;


ALTER TABLE public.star_star_id_seq OWNER TO freecodecamp;

--
-- Name: star_star_id_seq; Type: SEQUENCE OWNED BY; Schema: public; Owner: freecodecamp
--

ALTER SEQUENCE public.star_star_id_seq OWNED BY public.star.star_id;


--
-- Name: earth earth_id; Type: DEFAULT; Schema: public; Owner: freecodecamp
--

ALTER TABLE ONLY public.earth ALTER COLUMN earth_id SET DEFAULT nextval('public.earth_earth_id_seq'::regclass);


--
-- Name: galaxy galaxy_id; Type: DEFAULT; Schema: public; Owner: freecodecamp
--

ALTER TABLE ONLY public.galaxy ALTER COLUMN galaxy_id SET DEFAULT nextval('public.galaxy_galaxy_id_seq'::regclass);


--
-- Name: moon moon_id; Type: DEFAULT; Schema: public; Owner: freecodecamp
--

ALTER TABLE ONLY public.moon ALTER COLUMN moon_id SET DEFAULT nextval('public.moon_moon_id_seq'::regclass);


--
-- Name: planet planet_id; Type: DEFAULT; Schema: public; Owner: freecodecamp
--

ALTER TABLE ONLY public.planet ALTER COLUMN planet_id SET DEFAULT nextval('public.planet_planet_id_seq'::regclass);


--
-- Name: star star_id; Type: DEFAULT; Schema: public; Owner: freecodecamp
--

ALTER TABLE ONLY public.star ALTER COLUMN star_id SET DEFAULT nextval('public.star_star_id_seq'::regclass);


--
-- Data for Name: earth; Type: TABLE DATA; Schema: public; Owner: freecodecamp
--

INSERT INTO public.earth VALUES (1, NULL, 20, NULL, NULL);
INSERT INTO public.earth VALUES (2, NULL, 50, NULL, NULL);
INSERT INTO public.earth VALUES (3, NULL, 100, NULL, NULL);


--
-- Data for Name: galaxy; Type: TABLE DATA; Schema: public; Owner: freecodecamp
--

INSERT INTO public.galaxy VALUES (1, NULL, NULL, 10, NULL);
INSERT INTO public.galaxy VALUES (2, NULL, NULL, 20, NULL);
INSERT INTO public.galaxy VALUES (3, NULL, NULL, 30, NULL);
INSERT INTO public.galaxy VALUES (4, NULL, NULL, 20, NULL);
INSERT INTO public.galaxy VALUES (5, NULL, NULL, 40, NULL);
INSERT INTO public.galaxy VALUES (6, NULL, NULL, 30, NULL);


--
-- Data for Name: moon; Type: TABLE DATA; Schema: public; Owner: freecodecamp
--

INSERT INTO public.moon VALUES (1, NULL, 'hello', NULL, 1);
INSERT INTO public.moon VALUES (2, NULL, 'hello', NULL, 12);
INSERT INTO public.moon VALUES (3, NULL, 'hello', NULL, 11);
INSERT INTO public.moon VALUES (4, NULL, 'hello', NULL, 10);
INSERT INTO public.moon VALUES (5, NULL, 'hi', NULL, 1);
INSERT INTO public.moon VALUES (6, NULL, 'hi', NULL, 3);
INSERT INTO public.moon VALUES (7, NULL, 'kefb', NULL, 4);
INSERT INTO public.moon VALUES (8, NULL, 'ef', NULL, 5);
INSERT INTO public.moon VALUES (9, NULL, 'efe', NULL, 7);
INSERT INTO public.moon VALUES (10, NULL, 'hed', NULL, 4);
INSERT INTO public.moon VALUES (11, NULL, 'wdyi', NULL, 7);
INSERT INTO public.moon VALUES (12, NULL, 'efiyb', NULL, 9);
INSERT INTO public.moon VALUES (13, NULL, 'hwwu', NULL, 4);
INSERT INTO public.moon VALUES (14, NULL, 'lwuh', NULL, 3);
INSERT INTO public.moon VALUES (15, NULL, 'hello', NULL, 4);
INSERT INTO public.moon VALUES (16, NULL, 'heuhdu', NULL, 6);
INSERT INTO public.moon VALUES (17, NULL, 'udhu', NULL, 10);
INSERT INTO public.moon VALUES (18, NULL, 'yid', NULL, 4);
INSERT INTO public.moon VALUES (19, NULL, 'gyy', NULL, 11);
INSERT INTO public.moon VALUES (20, NULL, 'fbwb', NULL, 12);


--
-- Data for Name: planet; Type: TABLE DATA; Schema: public; Owner: freecodecamp
--

INSERT INTO public.planet VALUES (13, NULL, 30, NULL, 1);
INSERT INTO public.planet VALUES (14, NULL, 20, NULL, 2);
INSERT INTO public.planet VALUES (15, NULL, 50, NULL, 6);
INSERT INTO public.planet VALUES (1, NULL, 10, NULL, 1);
INSERT INTO public.planet VALUES (2, NULL, 20, NULL, 2);
INSERT INTO public.planet VALUES (3, NULL, 30, NULL, 2);
INSERT INTO public.planet VALUES (4, NULL, 20, NULL, 2);
INSERT INTO public.planet VALUES (5, NULL, 40, NULL, 2);
INSERT INTO public.planet VALUES (6, NULL, 30, NULL, 2);
INSERT INTO public.planet VALUES (7, NULL, 30, NULL, 6);
INSERT INTO public.planet VALUES (8, NULL, 40, NULL, 6);
INSERT INTO public.planet VALUES (9, NULL, 50, NULL, 6);
INSERT INTO public.planet VALUES (10, NULL, 40, NULL, 6);
INSERT INTO public.planet VALUES (11, NULL, 30, NULL, 4);
INSERT INTO public.planet VALUES (12, NULL, 40, NULL, 4);


--
-- Data for Name: star; Type: TABLE DATA; Schema: public; Owner: freecodecamp
--

INSERT INTO public.star VALUES (1, NULL, NULL, 10, NULL, 1);
INSERT INTO public.star VALUES (2, NULL, NULL, 20, NULL, 2);
INSERT INTO public.star VALUES (3, NULL, NULL, 30, NULL, 3);
INSERT INTO public.star VALUES (4, NULL, NULL, 20, NULL, 4);
INSERT INTO public.star VALUES (5, NULL, NULL, 40, NULL, 5);
INSERT INTO public.star VALUES (6, NULL, NULL, 30, NULL, 6);


--
-- Name: earth_earth_id_seq; Type: SEQUENCE SET; Schema: public; Owner: freecodecamp
--

SELECT pg_catalog.setval('public.earth_earth_id_seq', 1, false);


--
-- Name: galaxy_galaxy_id_seq; Type: SEQUENCE SET; Schema: public; Owner: freecodecamp
--

SELECT pg_catalog.setval('public.galaxy_galaxy_id_seq', 1, false);


--
-- Name: moon_moon_id_seq; Type: SEQUENCE SET; Schema: public; Owner: freecodecamp
--

SELECT pg_catalog.setval('public.moon_moon_id_seq', 1, false);


--
-- Name: planet_planet_id_seq; Type: SEQUENCE SET; Schema: public; Owner: freecodecamp
--

SELECT pg_catalog.setval('public.planet_planet_id_seq', 1, true);


--
-- Name: star_star_id_seq; Type: SEQUENCE SET; Schema: public; Owner: freecodecamp
--

SELECT pg_catalog.setval('public.star_star_id_seq', 1, false);


--
-- Name: earth earth_earth_id_key; Type: CONSTRAINT; Schema: public; Owner: freecodecamp
--

ALTER TABLE ONLY public.earth
    ADD CONSTRAINT earth_earth_id_key UNIQUE (earth_id);


--
-- Name: earth earth_pkey; Type: CONSTRAINT; Schema: public; Owner: freecodecamp
--

ALTER TABLE ONLY public.earth
    ADD CONSTRAINT earth_pkey PRIMARY KEY (earth_id);


--
-- Name: galaxy galaxy_galaxy_id_key; Type: CONSTRAINT; Schema: public; Owner: freecodecamp
--

ALTER TABLE ONLY public.galaxy
    ADD CONSTRAINT galaxy_galaxy_id_key UNIQUE (galaxy_id);


--
-- Name: galaxy galaxy_pkey; Type: CONSTRAINT; Schema: public; Owner: freecodecamp
--

ALTER TABLE ONLY public.galaxy
    ADD CONSTRAINT galaxy_pkey PRIMARY KEY (galaxy_id);


--
-- Name: moon moon_moon_id_key; Type: CONSTRAINT; Schema: public; Owner: freecodecamp
--

ALTER TABLE ONLY public.moon
    ADD CONSTRAINT moon_moon_id_key UNIQUE (moon_id);


--
-- Name: moon moon_pkey; Type: CONSTRAINT; Schema: public; Owner: freecodecamp
--

ALTER TABLE ONLY public.moon
    ADD CONSTRAINT moon_pkey PRIMARY KEY (moon_id);


--
-- Name: planet planet_pkey; Type: CONSTRAINT; Schema: public; Owner: freecodecamp
--

ALTER TABLE ONLY public.planet
    ADD CONSTRAINT planet_pkey PRIMARY KEY (planet_id);


--
-- Name: planet planet_planet_id_key; Type: CONSTRAINT; Schema: public; Owner: freecodecamp
--

ALTER TABLE ONLY public.planet
    ADD CONSTRAINT planet_planet_id_key UNIQUE (planet_id);


--
-- Name: star star_pkey; Type: CONSTRAINT; Schema: public; Owner: freecodecamp
--

ALTER TABLE ONLY public.star
    ADD CONSTRAINT star_pkey PRIMARY KEY (star_id);


--
-- Name: star star_star_id_key; Type: CONSTRAINT; Schema: public; Owner: freecodecamp
--

ALTER TABLE ONLY public.star
    ADD CONSTRAINT star_star_id_key UNIQUE (star_id);


--
-- Name: moon moon_planet_id_fkey; Type: FK CONSTRAINT; Schema: public; Owner: freecodecamp
--

ALTER TABLE ONLY public.moon
    ADD CONSTRAINT moon_planet_id_fkey FOREIGN KEY (planet_id) REFERENCES public.planet(planet_id);


--
-- Name: planet planet_star_id_fkey; Type: FK CONSTRAINT; Schema: public; Owner: freecodecamp
--

ALTER TABLE ONLY public.planet
    ADD CONSTRAINT planet_star_id_fkey FOREIGN KEY (star_id) REFERENCES public.star(star_id);


--
-- Name: star star_galaxy_id_fkey; Type: FK CONSTRAINT; Schema: public; Owner: freecodecamp
--

ALTER TABLE ONLY public.star
    ADD CONSTRAINT star_galaxy_id_fkey FOREIGN KEY (galaxy_id) REFERENCES public.galaxy(galaxy_id);


--
-- PostgreSQL database dump complete
--

